customerId,purchase_by_invoice,purchase_total_amount,purchase_streek,next_purchase_streek_amount,purchase_total_product_quantity,is_eligible_customer,offer_eligibility
cuts1001,24,717,1,200,24,1,2
cuts1002,26,181,1,200,17,1,2
cuts1003,10,1431,1,200,15,1,2
cuts1004,34,1735,1,200,26,1,2
cuts1005,21,518,1,200,17,1,2
cuts1006,28,1642,2,300,19,1,4
cuts1007,31,1433,2,300,23,1,4
cuts1008,35,620,2,300,28,1,4
cuts1009,4,1584,2,300,26,1,4
cuts1010,21,1947,2,300,24,1,4
cuts1011,33,1876,3,400,22,1,6
cuts1012,21,1375,3,400,25,1,6
cuts1013,19,735,3,400,23,1,6
cuts1014,10,1939,3,400,26,1,6
cuts1015,33,132,3,400,30,1,6
cuts1016,21,888,4,500,20,1,8
cuts1017,27,1034,4,500,17,1,8
cuts1018,24,1919,4,500,16,1,8
cuts1019,24,1948,4,500,24,1,8
cuts1020,17,729,4,500,27,1,8
cuts1021,8,946,5,600,20,1,10
cuts1022,27,1354,5,600,24,1,10
cuts1023,19,1549,5,600,19,1,10
cuts1024,24,876,5,600,20,1,10
cuts1025,27,784,5,600,23,1,10
cuts1026,11,195,6,700,24,1,12
cuts1027,14,1394,6,700,29,1,12
cuts1028,9,689,6,700,18,1,12
cuts1029,27,1543,6,700,28,1,12
cuts1030,19,1766,6,700,19,1,12
cuts1031,34,1767,7,800,27,1,14
cuts1032,30,759,7,800,17,1,14
cuts1033,25,1059,7,800,30,1,14
cuts1034,24,1430,7,800,22,1,14
cuts1035,2,362,7,800,26,1,14
cuts1036,25,778,8,900,24,1,16
cuts1037,10,1982,8,900,25,1,16
cuts1038,10,1095,8,900,17,1,16
cuts1039,2,953,8,900,24,1,16
cuts1040,5,172,8,900,30,1,16
cuts1041,6,404,9,1000,22,1,18
cuts1042,16,160,9,1000,15,1,18
cuts1043,22,629,9,1000,18,1,18
cuts1044,31,746,9,1000,24,1,18
cuts1045,35,175,9,1000,25,1,18
cuts1046,25,1745,10,1100,30,1,20
cuts1047,34,1265,10,1100,20,1,20
cuts1048,15,357,10,1100,19,1,20
cuts1049,5,771,10,1100,23,1,20
cuts1050,33,357,10,1100,26,1,20
cuts1051,20,1382,11,1200,22,1,22
cuts1052,6,1312,11,1200,22,1,22
cuts1053,29,180,11,1200,24,1,22
cuts1054,22,1798,11,1200,30,1,22
cuts1055,33,1294,11,1200,16,1,22
cuts1056,29,1540,12,1300,20,1,24
cuts1057,27,131,12,1300,21,1,24
cuts1058,11,1134,12,1300,23,1,24
cuts1059,21,1128,12,1300,28,1,24
cuts1060,35,1304,12,1300,19,1,24
cuts1061,3,502,13,1400,23,1,26
cuts1062,16,1140,13,1400,25,1,26
cuts1063,9,1824,13,1400,16,1,26
cuts1064,8,935,13,1400,15,1,26
cuts1065,1,780,13,1400,29,1,26
cuts1066,11,733,14,1500,20,1,28
cuts1067,21,984,14,1500,21,1,28
cuts1068,15,1964,14,1500,21,1,28
cuts1069,24,1013,14,1500,26,1,28
cuts1070,24,163,14,1500,28,1,28
cuts1071,14,944,15,1600,16,1,30
cuts1072,24,1088,15,1600,23,1,30
cuts1073,33,723,15,1600,26,1,30
cuts1074,24,1546,15,1600,26,1,30
cuts1075,23,380,15,1600,29,1,30
cuts1076,1,655,16,1700,28,1,32
cuts1077,25,526,16,1700,15,1,32
cuts1078,8,1391,16,1700,30,1,32
cuts1079,27,1703,16,1700,30,1,32
cuts1080,23,999,16,1700,26,1,32
cuts1081,4,1865,17,1800,21,1,34
cuts1082,4,604,17,1800,28,1,34
cuts1083,19,854,17,1800,22,1,34
cuts1084,9,166,17,1800,28,1,34
cuts1085,3,1152,17,1800,20,1,34
cuts1086,14,804,18,1900,17,1,36
cuts1087,4,1306,18,1900,22,1,36
cuts1088,3,1354,18,1900,22,1,36
cuts1089,13,264,18,1900,28,1,36
cuts1090,13,229,18,1900,18,1,36
cuts1091,1,1188,19,2000,15,1,38
cuts1092,5,1812,19,2000,24,1,38
cuts1093,28,163,19,2000,19,1,38
cuts1094,31,803,19,2000,19,1,38
cuts1095,19,1444,19,2000,15,1,38
cuts1096,4,1852,20,2100,18,1,40
cuts1097,12,1256,20,2100,23,1,40
cuts1098,20,1424,20,2100,19,1,40
cuts1099,32,1883,20,2100,29,1,40
cuts1100,18,1150,20,2100,20,1,40
cuts1101,19,135,21,2200,30,1,42
cuts1102,13,1800,21,2200,17,1,42
cuts1103,15,589,21,2200,26,1,42
cuts1104,8,788,21,2200,20,1,42
cuts1105,10,1721,21,2200,15,1,42
cuts1106,33,1147,22,2300,16,1,44
cuts1107,35,961,22,2300,29,1,44
cuts1108,8,1557,22,2300,28,1,44
cuts1109,18,498,22,2300,16,1,44
cuts1110,18,1042,22,2300,23,1,44
cuts1111,17,888,23,2400,22,1,46
cuts1112,18,222,23,2400,22,1,46
cuts1113,3,1714,23,2400,19,1,46
cuts1114,2,250,23,2400,20,1,46
cuts1115,5,1256,23,2400,23,1,46
cuts1116,27,153,24,2500,27,1,48
cuts1117,2,134,24,2500,24,1,48
cuts1118,10,596,24,2500,19,1,48
cuts1119,5,1411,24,2500,25,1,48
cuts1120,23,1088,24,2500,21,1,48
cuts1121,8,1446,25,2600,26,1,50
cuts1122,34,1921,25,2600,17,1,50
cuts1123,3,1455,25,2600,15,1,50
cuts1124,27,491,25,2600,16,1,50
cuts1125,24,536,25,2600,19,1,50
cuts1126,4,1256,26,2700,29,1,52
cuts1127,18,1211,26,2700,17,1,52
cuts1128,23,1808,26,2700,21,1,52
cuts1129,14,163,26,2700,16,1,52
cuts1130,17,1202,26,2700,23,1,52
cuts1131,6,892,27,2800,27,1,54
cuts1132,22,406,27,2800,19,1,54
cuts1133,34,510,27,2800,21,1,54
cuts1134,20,287,27,2800,24,1,54
cuts1135,33,1924,27,2800,19,1,54
cuts1136,34,657,28,2900,15,1,56
cuts1137,18,1214,28,2900,28,1,56
cuts1138,7,485,28,2900,18,1,56
cuts1139,30,560,28,2900,25,1,56
cuts1140,17,1208,28,2900,20,1,56
cuts1141,17,1887,29,3000,25,1,58
cuts1142,30,1457,29,3000,18,1,58
cuts1143,23,1486,29,3000,27,1,58
cuts1144,11,300,29,3000,30,1,58
cuts1145,33,1159,29,3000,17,1,58
cuts1146,8,1886,30,3100,16,1,60
cuts1147,8,1299,30,3100,29,1,60
cuts1148,25,771,30,3100,24,1,60
cuts1149,29,1772,30,3100,15,1,60
cuts1150,27,839,30,3100,24,1,60
cuts1151,27,1112,31,3200,22,1,62
cuts1152,31,458,31,3200,30,1,62
cuts1153,30,1833,31,3200,23,1,62
cuts1154,24,1267,31,3200,30,1,62
cuts1155,2,1209,31,3200,15,1,62
cuts1156,6,805,32,3300,16,1,64
cuts1157,35,783,32,3300,21,1,64
cuts1158,15,383,32,3300,15,1,64
cuts1159,9,1278,32,3300,18,1,64
cuts1160,28,203,32,3300,18,1,64
cuts1161,13,1601,33,3400,26,1,66
cuts1162,16,906,33,3400,28,1,66
cuts1163,17,335,33,3400,29,1,66
cuts1164,35,1571,33,3400,19,1,66
cuts1165,26,1427,33,3400,17,1,66
cuts1166,4,1256,34,3500,27,1,68
cuts1167,19,1516,34,3500,18,1,68
cuts1168,13,1807,34,3500,22,1,68
cuts1169,26,429,34,3500,20,1,68
cuts1170,16,1163,34,3500,23,1,68
cuts1171,32,979,35,3600,25,1,70
cuts1172,20,1046,35,3600,23,1,70
cuts1173,6,360,35,3600,22,1,70
cuts1174,17,1979,35,3600,20,1,70
cuts1175,28,1604,35,3600,17,1,70
cuts1176,14,342,36,3700,15,1,72
cuts1177,2,489,36,3700,16,1,72
cuts1178,25,644,36,3700,18,1,72
cuts1179,26,433,36,3700,20,1,72
cuts1180,26,688,36,3700,18,1,72
cuts1181,27,1110,37,3800,30,1,74
cuts1182,32,524,37,3800,30,1,74
cuts1183,35,1281,37,3800,26,1,74
cuts1184,5,836,37,3800,17,1,74
cuts1185,1,825,37,3800,20,1,74
cuts1186,32,1295,38,3900,15,1,76
cuts1187,2,580,38,3900,17,1,76
cuts1188,9,607,38,3900,22,1,76
cuts1189,6,1395,38,3900,29,1,76
cuts1190,23,990,38,3900,30,1,76
cuts1191,27,934,39,4000,19,1,78
cuts1192,33,451,39,4000,23,1,78
cuts1193,33,827,39,4000,22,1,78
cuts1194,2,1144,39,4000,25,1,78
cuts1195,32,1118,39,4000,26,1,78
cuts1196,35,110,40,4100,18,1,80
cuts1197,27,1178,40,4100,24,1,80
cuts1198,33,1740,40,4100,16,1,80
cuts1199,15,288,40,4100,24,1,80
cuts1200,3,1961,40,4100,15,1,80
cuts1201,24,1001,41,4200,27,1,82
cuts1202,7,376,41,4200,29,1,82
cuts1203,5,1140,41,4200,24,1,82
cuts1204,26,1606,41,4200,29,1,82
cuts1205,7,1389,41,4200,27,1,82
cuts1206,23,1548,42,4300,24,1,84
cuts1207,4,1567,42,4300,23,1,84
cuts1208,15,889,42,4300,30,1,84
cuts1209,30,1695,42,4300,28,1,84
cuts1210,13,1728,42,4300,17,1,84
cuts1211,5,483,43,4400,22,1,86
cuts1212,23,966,43,4400,18,1,86
cuts1213,1,421,43,4400,20,1,86
cuts1214,3,785,43,4400,26,1,86
cuts1215,5,1375,43,4400,23,1,86
cuts1216,8,914,44,4500,24,1,88
cuts1217,15,827,44,4500,16,1,88
cuts1218,32,143,44,4500,27,1,88
cuts1219,8,909,44,4500,28,1,88
cuts1220,29,947,44,4500,20,1,88
cuts1221,20,213,45,4600,24,1,90
cuts1222,32,1954,45,4600,18,1,90
cuts1223,31,936,45,4600,19,1,90
cuts1224,28,1267,45,4600,21,1,90
cuts1225,3,1423,45,4600,27,1,90
cuts1226,20,897,46,4700,29,1,92
cuts1227,33,1177,46,4700,25,1,92
cuts1228,20,562,46,4700,18,1,92
cuts1229,23,612,46,4700,18,1,92
cuts1230,26,1639,46,4700,16,1,92
cuts1231,31,1136,47,4800,20,1,94
cuts1232,21,1428,47,4800,16,1,94
cuts1233,23,122,47,4800,20,1,94
cuts1234,19,1455,47,4800,24,1,94
cuts1235,10,552,47,4800,27,1,94
cuts1236,29,1434,48,4900,26,1,96
cuts1237,17,1635,48,4900,27,1,96
cuts1238,12,1377,48,4900,19,1,96
cuts1239,27,1613,48,4900,19,1,96
cuts1240,21,512,48,4900,23,1,96
cuts1241,30,1779,49,5000,20,1,98
cuts1242,8,1519,49,5000,24,1,98
cuts1243,28,201,49,5000,23,1,98
cuts1244,15,666,49,5000,26,1,98
cuts1245,4,139,49,5000,27,1,98
cuts1246,35,1976,50,5100,25,1,100
cuts1247,13,1533,50,5100,19,1,100
cuts1248,18,1000,50,5100,17,1,100
cuts1249,8,680,50,5100,26,1,100
cuts1250,6,1899,50,5100,23,1,100
cuts1251,12,261,51,5200,20,1,102
cuts1252,9,873,51,5200,22,1,102
cuts1253,13,245,51,5200,26,1,102
cuts1254,1,714,51,5200,24,1,102
cuts1255,17,287,51,5200,25,1,102
cuts1256,1,1742,52,5300,17,1,104
cuts1257,9,1916,52,5300,22,1,104
cuts1258,22,1023,52,5300,27,1,104
cuts1259,15,447,52,5300,29,1,104
cuts1260,13,358,52,5300,15,1,104
cuts1261,11,825,53,5400,18,1,106
cuts1262,33,635,53,5400,20,1,106
cuts1263,16,770,53,5400,24,1,106
cuts1264,26,1944,53,5400,29,1,106
cuts1265,18,1366,53,5400,24,1,106
cuts1266,10,319,54,5500,19,1,108
cuts1267,17,1789,54,5500,17,1,108
cuts1268,26,339,54,5500,21,1,108
cuts1269,3,1233,54,5500,21,1,108
cuts1270,35,167,54,5500,19,1,108
cuts1271,24,436,55,5600,21,1,110
cuts1272,16,1751,55,5600,17,1,110
cuts1273,1,489,55,5600,20,1,110
cuts1274,2,415,55,5600,27,1,110
cuts1275,27,1288,55,5600,22,1,110
cuts1276,1,1581,56,5700,18,1,112
cuts1277,27,1931,56,5700,29,1,112
cuts1278,7,1393,56,5700,25,1,112
cuts1279,18,1415,56,5700,27,1,112
cuts1280,25,124,56,5700,22,1,112
cuts1281,13,587,57,5800,24,1,114
cuts1282,30,1022,57,5800,23,1,114
cuts1283,12,1589,57,5800,26,1,114
cuts1284,30,1828,57,5800,23,1,114
cuts1285,12,143,57,5800,18,1,114
cuts1286,16,829,58,5900,15,1,116
cuts1287,34,1499,58,5900,17,1,116
cuts1288,9,233,58,5900,23,1,116
cuts1289,22,1519,58,5900,29,1,116
cuts1290,22,754,58,5900,21,1,116
cuts1291,14,1525,59,6000,26,1,118
cuts1292,24,1778,59,6000,17,1,118
cuts1293,1,1341,59,6000,30,1,118
cuts1294,33,126,59,6000,22,1,118
cuts1295,14,344,59,6000,15,1,118
cuts1296,14,1145,60,6100,21,1,120
cuts1297,34,1705,60,6100,18,1,120
cuts1298,34,436,60,6100,16,1,120
cuts1299,34,1167,60,6100,25,1,120
cuts1300,35,1817,60,6100,18,1,120
cuts1301,11,967,61,6200,17,1,122
cuts1302,20,1306,61,6200,19,1,122
cuts1303,2,1272,61,6200,23,1,122
cuts1304,28,1226,61,6200,17,1,122
cuts1305,23,134,61,6200,26,1,122
cuts1306,27,932,62,6300,27,1,124
cuts1307,23,1550,62,6300,16,1,124
cuts1308,5,1890,62,6300,30,1,124
cuts1309,11,1728,62,6300,24,1,124
cuts1310,16,1166,62,6300,29,1,124
cuts1311,28,1215,63,6400,30,1,126
cuts1312,24,1632,63,6400,24,1,126
cuts1313,29,754,63,6400,18,1,126
cuts1314,34,1768,63,6400,18,1,126
cuts1315,12,762,63,6400,25,1,126
cuts1316,29,906,64,6500,19,1,128
cuts1317,25,1276,64,6500,24,1,128
cuts1318,29,1017,64,6500,19,1,128
cuts1319,9,277,64,6500,20,1,128
cuts1320,23,1318,64,6500,25,1,128
cuts1321,3,1268,65,6600,23,1,130
cuts1322,18,338,65,6600,17,1,130
cuts1323,23,1655,65,6600,24,1,130
cuts1324,23,1179,65,6600,18,1,130
cuts1325,13,711,65,6600,24,1,130
cuts1326,32,659,66,6700,30,1,132
cuts1327,9,1458,66,6700,17,1,132
cuts1328,11,819,66,6700,22,1,132
cuts1329,24,831,66,6700,20,1,132
cuts1330,18,1151,66,6700,15,1,132
cuts1331,18,304,67,6800,24,1,134
cuts1332,20,451,67,6800,20,1,134
cuts1333,31,1439,67,6800,27,1,134
cuts1334,22,679,67,6800,25,1,134
cuts1335,9,221,67,6800,30,1,134
cuts1336,22,737,68,6900,18,1,136
cuts1337,14,1833,68,6900,25,1,136
cuts1338,30,1286,68,6900,17,1,136
cuts1339,17,388,68,6900,18,1,136
cuts1340,5,1978,68,6900,19,1,136
cuts1341,9,596,69,7000,27,1,138
cuts1342,7,1183,69,7000,21,1,138
cuts1343,1,1091,69,7000,19,1,138
cuts1344,3,1604,69,7000,22,1,138
cuts1345,15,1146,69,7000,29,1,138
cuts1346,10,1070,70,7100,22,1,140
cuts1347,19,1993,70,7100,21,1,140
cuts1348,14,290,70,7100,25,1,140
cuts1349,32,253,70,7100,23,1,140
cuts1350,18,1038,70,7100,26,1,140
cuts1351,28,1325,71,7200,21,1,142
cuts1352,31,629,71,7200,27,1,142
cuts1353,10,441,71,7200,26,1,142
cuts1354,32,294,71,7200,30,1,142
cuts1355,13,952,71,7200,18,1,142
cuts1356,22,466,72,7300,19,1,144
cuts1357,18,635,72,7300,19,1,144
cuts1358,8,905,72,7300,15,1,144
cuts1359,5,1542,72,7300,20,1,144
cuts1360,8,1284,72,7300,15,1,144
cuts1361,8,1629,73,7400,24,1,146
cuts1362,11,1168,73,7400,27,1,146
cuts1363,29,1057,73,7400,15,1,146
cuts1364,26,1570,73,7400,28,1,146
cuts1365,22,169,73,7400,19,1,146
cuts1366,1,916,74,7500,15,1,148
cuts1367,27,284,74,7500,29,1,148
cuts1368,17,675,74,7500,28,1,148
cuts1369,18,1605,74,7500,24,1,148
cuts1370,28,962,74,7500,20,1,148
cuts1371,29,1841,75,7600,17,1,150
cuts1372,29,441,75,7600,17,1,150
cuts1373,3,1305,75,7600,15,1,150
cuts1374,3,1344,75,7600,23,1,150
cuts1375,31,644,75,7600,24,1,150
cuts1376,9,275,76,7700,24,1,152
cuts1377,35,1934,76,7700,28,1,152
cuts1378,7,953,76,7700,20,1,152
cuts1379,24,1584,76,7700,22,1,152
cuts1380,19,1489,76,7700,21,1,152
cuts1381,29,673,77,7800,23,1,154
cuts1382,28,1798,77,7800,24,1,154
cuts1383,13,1294,77,7800,21,1,154
cuts1384,17,509,77,7800,24,1,154
cuts1385,3,715,77,7800,21,1,154
cuts1386,23,1274,78,7900,24,1,156
cuts1387,2,1860,78,7900,21,1,156
cuts1388,18,1041,78,7900,28,1,156
cuts1389,24,584,78,7900,23,1,156
cuts1390,35,1152,78,7900,24,1,156
cuts1391,30,229,79,8000,19,1,158
cuts1392,35,656,79,8000,28,1,158
cuts1393,15,650,79,8000,30,1,158
cuts1394,14,1115,79,8000,23,1,158
cuts1395,30,319,79,8000,24,1,158
cuts1396,15,1817,80,8100,18,1,160
cuts1397,4,615,80,8100,26,1,160
cuts1398,30,219,80,8100,21,1,160
cuts1399,7,761,80,8100,25,1,160
cuts1400,18,225,80,8100,28,1,160
cuts1401,10,522,81,8200,15,1,162
cuts1402,31,930,81,8200,29,1,162
cuts1403,6,421,81,8200,20,1,162
cuts1404,8,367,81,8200,21,1,162
cuts1405,22,160,81,8200,25,1,162
cuts1406,29,1409,82,8300,19,1,164
cuts1407,10,1078,82,8300,23,1,164
cuts1408,9,1762,82,8300,28,1,164
cuts1409,25,1650,82,8300,23,1,164
cuts1410,13,1099,82,8300,29,1,164
cuts1411,32,1675,83,8400,20,1,166
cuts1412,34,193,83,8400,23,1,166
cuts1413,13,1698,83,8400,22,1,166
cuts1414,24,1736,83,8400,29,1,166
cuts1415,17,396,83,8400,22,1,166
cuts1416,5,1259,84,8500,16,1,168
cuts1417,26,188,84,8500,29,1,168
cuts1418,23,1286,84,8500,17,1,168
cuts1419,3,834,84,8500,28,1,168
cuts1420,15,1955,84,8500,20,1,168
cuts1421,21,1415,85,8600,22,1,170
cuts1422,3,1435,85,8600,21,1,170
cuts1423,17,161,85,8600,22,1,170
cuts1424,12,1051,85,8600,30,1,170
cuts1425,12,404,85,8600,16,1,170
cuts1426,9,1699,86,8700,21,1,172
cuts1427,31,617,86,8700,19,1,172
cuts1428,11,635,86,8700,19,1,172
cuts1429,31,1789,86,8700,27,1,172
cuts1430,23,1774,86,8700,17,1,172
cuts1431,10,1799,87,8800,28,1,174
cuts1432,29,800,87,8800,27,1,174
cuts1433,14,1897,87,8800,16,1,174
cuts1434,28,1768,87,8800,27,1,174
cuts1435,18,192,87,8800,22,1,174
cuts1436,18,1075,88,8900,24,1,176
cuts1437,9,629,88,8900,30,1,176
cuts1438,19,1915,88,8900,20,1,176
cuts1439,27,1608,88,8900,17,1,176
cuts1440,5,1134,88,8900,16,1,176
cuts1441,12,1497,89,9000,17,1,178
cuts1442,5,854,89,9000,15,1,178
cuts1443,27,1790,89,9000,20,1,178
cuts1444,25,1241,89,9000,20,1,178
cuts1445,7,1011,89,9000,17,1,178
cuts1446,4,1283,90,9100,16,1,180
cuts1447,28,1725,90,9100,18,1,180
cuts1448,10,1230,90,9100,15,1,180
cuts1449,10,1754,90,9100,23,1,180
cuts1450,5,1050,90,9100,16,1,180
cuts1451,12,218,91,9200,16,1,182
cuts1452,22,1506,91,9200,26,1,182
cuts1453,11,624,91,9200,17,1,182
cuts1454,34,1269,91,9200,18,1,182
cuts1455,6,1947,91,9200,21,1,182
cuts1456,5,1667,92,9300,20,1,184
cuts1457,12,1566,92,9300,22,1,184
cuts1458,22,1750,92,9300,17,1,184
cuts1459,24,1856,92,9300,29,1,184
cuts1460,12,1141,92,9300,20,1,184
cuts1461,17,1229,93,9400,25,1,186
cuts1462,4,1270,93,9400,21,1,186
cuts1463,6,1812,93,9400,18,1,186
cuts1464,34,1625,93,9400,16,1,186
cuts1465,13,696,93,9400,19,1,186
cuts1466,15,1440,94,9500,30,1,188
cuts1467,3,546,94,9500,20,1,188
cuts1468,24,1349,94,9500,21,1,188
cuts1469,4,537,94,9500,27,1,188
cuts1470,3,1237,94,9500,16,1,188
cuts1471,7,1216,95,9600,26,1,190
cuts1472,1,250,95,9600,16,1,190
cuts1473,35,1583,95,9600,30,1,190
cuts1474,29,1643,95,9600,23,1,190
cuts1475,23,1732,95,9600,30,1,190
cuts1476,13,1140,96,9700,22,1,192
cuts1477,10,1340,96,9700,20,1,192
cuts1478,2,292,96,9700,18,1,192
cuts1479,8,1650,96,9700,25,1,192
cuts1480,12,1398,96,9700,27,1,192
cuts1481,21,1606,97,9800,21,1,194
cuts1482,22,1942,97,9800,17,1,194
cuts1483,31,916,97,9800,26,1,194
cuts1484,7,448,97,9800,25,1,194
cuts1485,21,1699,97,9800,21,1,194
cuts1486,24,918,98,9900,27,1,196
cuts1487,18,1797,98,9900,18,1,196
cuts1488,7,1158,98,9900,19,1,196
cuts1489,33,1936,98,9900,16,1,196
cuts1490,11,341,98,9900,23,1,196
cuts1491,14,466,99,10000,20,1,198
cuts1492,32,189,99,10000,28,1,198
cuts1493,27,1443,99,10000,15,1,198
cuts1494,16,1458,99,10000,16,1,198
cuts1495,14,446,99,10000,16,1,198
cuts1496,29,183,100,10100,19,1,200
cuts1497,33,806,100,10100,21,1,200
cuts1498,11,1460,100,10100,28,1,200
cuts1499,19,117,100,10100,17,1,200
cuts1500,19,208,100,10100,22,1,200
cuts1501,11,500,101,10200,22,1,202
cuts1502,19,1532,101,10200,24,1,202
cuts1503,18,843,101,10200,24,1,202
cuts1504,5,1489,101,10200,23,1,202
cuts1505,31,1746,101,10200,21,1,202
cuts1506,16,926,102,10300,17,1,204
cuts1507,1,362,102,10300,29,1,204
cuts1508,16,1159,102,10300,25,1,204
cuts1509,25,152,102,10300,28,1,204
cuts1510,5,658,102,10300,22,1,204
cuts1511,3,1290,103,10400,23,1,206
cuts1512,4,1713,103,10400,30,1,206
cuts1513,8,894,103,10400,15,1,206
cuts1514,22,1060,103,10400,22,1,206
cuts1515,13,1415,103,10400,29,1,206
cuts1516,15,157,104,10500,21,1,208
cuts1517,22,295,104,10500,24,1,208
cuts1518,35,161,104,10500,15,1,208
cuts1519,8,885,104,10500,27,1,208
cuts1520,18,183,104,10500,28,1,208
cuts1521,3,435,105,10600,15,1,210
cuts1522,19,493,105,10600,24,1,210
cuts1523,10,703,105,10600,18,1,210
cuts1524,11,1645,105,10600,25,1,210
cuts1525,21,985,105,10600,17,1,210
cuts1526,31,1432,106,10700,29,1,212
cuts1527,22,1305,106,10700,15,1,212
cuts1528,12,1551,106,10700,22,1,212
cuts1529,17,682,106,10700,27,1,212
cuts1530,25,709,106,10700,23,1,212
cuts1531,33,517,107,10800,26,1,214
cuts1532,28,438,107,10800,24,1,214
cuts1533,14,1571,107,10800,20,1,214
cuts1534,14,1517,107,10800,21,1,214
cuts1535,10,468,107,10800,25,1,214
cuts1536,8,1356,108,10900,15,1,216
cuts1537,22,1579,108,10900,19,1,216
cuts1538,35,616,108,10900,27,1,216
cuts1539,3,1862,108,10900,28,1,216
cuts1540,2,1521,108,10900,24,1,216
cuts1541,6,848,109,11000,21,1,218
cuts1542,20,1926,109,11000,27,1,218
cuts1543,20,1553,109,11000,19,1,218
cuts1544,6,466,109,11000,15,1,218
cuts1545,31,1617,109,11000,25,1,218
cuts1546,4,673,110,11100,20,1,220
cuts1547,25,559,110,11100,17,1,220
cuts1548,31,1284,110,11100,27,1,220
cuts1549,26,1405,110,11100,27,1,220
cuts1550,28,463,110,11100,19,1,220
cuts1551,18,988,111,11200,30,1,222
cuts1552,32,826,111,11200,27,1,222
cuts1553,18,142,111,11200,23,1,222
cuts1554,13,1049,111,11200,15,1,222
cuts1555,28,1244,111,11200,18,1,222
cuts1556,19,946,112,11300,22,1,224
cuts1557,8,138,112,11300,21,1,224
cuts1558,29,502,112,11300,30,1,224
cuts1559,28,1923,112,11300,16,1,224
cuts1560,3,517,112,11300,22,1,224
cuts1561,28,1437,113,11400,23,1,226
cuts1562,4,1296,113,11400,22,1,226
cuts1563,30,1093,113,11400,19,1,226
cuts1564,2,1458,113,11400,16,1,226
cuts1565,31,1125,113,11400,23,1,226
cuts1566,22,1437,114,11500,27,1,228
cuts1567,26,399,114,11500,27,1,228
cuts1568,2,1458,114,11500,26,1,228
cuts1569,20,940,114,11500,17,1,228
cuts1570,13,1858,114,11500,18,1,228
cuts1571,22,1143,115,11600,30,1,230
cuts1572,9,716,115,11600,16,1,230
cuts1573,33,1492,115,11600,28,1,230
cuts1574,6,257,115,11600,29,1,230
cuts1575,13,604,115,11600,28,1,230
cuts1576,30,469,116,11700,24,1,232
cuts1577,11,162,116,11700,15,1,232
cuts1578,25,1877,116,11700,20,1,232
cuts1579,8,1534,116,11700,21,1,232
cuts1580,18,1038,116,11700,15,1,232
cuts1581,1,1583,117,11800,26,1,234
cuts1582,20,358,117,11800,22,1,234
cuts1583,4,664,117,11800,24,1,234
cuts1584,7,884,117,11800,27,1,234
cuts1585,24,634,117,11800,22,1,234
cuts1586,29,410,118,11900,23,1,236
cuts1587,14,1776,118,11900,22,1,236
cuts1588,29,1101,118,11900,27,1,236
cuts1589,28,1642,118,11900,29,1,236
cuts1590,35,1772,118,11900,22,1,236
cuts1591,8,1926,119,12000,26,1,238
cuts1592,24,256,119,12000,22,1,238
cuts1593,34,1207,119,12000,19,1,238
cuts1594,11,701,119,12000,15,1,238
cuts1595,19,1925,119,12000,16,1,238
cuts1596,33,1375,120,12100,30,1,240
cuts1597,12,1347,120,12100,26,1,240
cuts1598,35,968,120,12100,17,1,240
cuts1599,34,558,120,12100,29,1,240
cuts1600,21,109,120,12100,25,1,240
cuts1601,30,1293,121,12200,20,1,242
cuts1602,27,1589,121,12200,22,1,242
cuts1603,22,1739,121,12200,25,1,242
cuts1604,7,1512,121,12200,17,1,242
cuts1605,26,1478,121,12200,27,1,242
cuts1606,11,1390,122,12300,24,1,244
cuts1607,9,622,122,12300,24,1,244
cuts1608,20,322,122,12300,28,1,244
cuts1609,34,1787,122,12300,20,1,244
cuts1610,29,990,122,12300,15,1,244
cuts1611,12,407,123,12400,15,1,246
cuts1612,5,931,123,12400,15,1,246
cuts1613,4,304,123,12400,29,1,246
cuts1614,31,1874,123,12400,25,1,246
cuts1615,33,1204,123,12400,30,1,246
cuts1616,8,352,124,12500,16,1,248
cuts1617,17,1146,124,12500,19,1,248
cuts1618,14,1941,124,12500,24,1,248
cuts1619,31,1940,124,12500,20,1,248
cuts1620,1,112,124,12500,25,1,248
cuts1621,9,981,125,12600,23,1,250
cuts1622,20,1193,125,12600,26,1,250
cuts1623,34,1433,125,12600,30,1,250
cuts1624,7,1080,125,12600,28,1,250
cuts1625,4,1576,125,12600,18,1,250
cuts1626,14,857,126,12700,29,1,252
cuts1627,33,275,126,12700,24,1,252
cuts1628,4,647,126,12700,23,1,252
cuts1629,20,890,126,12700,15,1,252
cuts1630,33,1390,126,12700,16,1,252
cuts1631,28,375,127,12800,15,1,254
cuts1632,12,1084,127,12800,28,1,254
cuts1633,12,1826,127,12800,17,1,254
cuts1634,32,1439,127,12800,19,1,254
cuts1635,10,881,127,12800,20,1,254
cuts1636,15,454,128,12900,25,1,256
cuts1637,35,1909,128,12900,29,1,256
cuts1638,19,1531,128,12900,26,1,256
cuts1639,24,1162,128,12900,17,1,256
cuts1640,11,152,128,12900,25,1,256
cuts1641,33,130,129,13000,19,1,258
cuts1642,35,136,129,13000,25,1,258
cuts1643,35,107,129,13000,18,1,258
cuts1644,3,853,129,13000,25,1,258
cuts1645,17,1137,129,13000,22,1,258
cuts1646,24,1385,130,13100,20,1,260
cuts1647,30,1228,130,13100,27,1,260
cuts1648,13,1014,130,13100,22,1,260
cuts1649,1,1855,130,13100,19,1,260
cuts1650,34,1923,130,13100,15,1,260
cuts1651,11,1794,131,13200,26,1,262
cuts1652,6,1573,131,13200,17,1,262
cuts1653,19,1658,131,13200,21,1,262
cuts1654,21,292,131,13200,24,1,262
cuts1655,20,208,131,13200,22,1,262
cuts1656,31,114,132,13300,18,1,264
cuts1657,11,1275,132,13300,24,1,264
cuts1658,11,270,132,13300,28,1,264
cuts1659,10,1191,132,13300,28,1,264
cuts1660,35,1926,132,13300,21,1,264
cuts1661,22,1330,133,13400,21,1,266
cuts1662,2,824,133,13400,16,1,266
cuts1663,33,1626,133,13400,27,1,266
cuts1664,7,164,133,13400,21,1,266
cuts1665,19,510,133,13400,17,1,266
cuts1666,13,1164,134,13500,18,1,268
cuts1667,1,809,134,13500,28,1,268
cuts1668,24,863,134,13500,16,1,268
cuts1669,22,1314,134,13500,17,1,268
cuts1670,9,700,134,13500,28,1,268
cuts1671,16,1027,135,13600,23,1,270
cuts1672,19,620,135,13600,19,1,270
cuts1673,28,220,135,13600,15,1,270
cuts1674,16,538,135,13600,22,1,270
cuts1675,30,1385,135,13600,17,1,270
cuts1676,17,1720,136,13700,17,1,272
cuts1677,2,370,136,13700,19,1,272
cuts1678,3,1893,136,13700,30,1,272
cuts1679,32,1788,136,13700,20,1,272
cuts1680,33,1041,136,13700,23,1,272
cuts1681,24,470,137,13800,16,1,274
cuts1682,24,727,137,13800,30,1,274
cuts1683,14,1744,137,13800,20,1,274
cuts1684,3,1995,137,13800,23,1,274
cuts1685,3,159,137,13800,28,1,274
cuts1686,21,389,138,13900,22,1,276
cuts1687,21,342,138,13900,28,1,276
cuts1688,17,717,138,13900,30,1,276
cuts1689,34,1765,138,13900,27,1,276
cuts1690,3,164,138,13900,29,1,276
cuts1691,34,1136,139,14000,27,1,278
cuts1692,15,1159,139,14000,15,1,278
cuts1693,14,1640,139,14000,27,1,278
cuts1694,18,191,139,14000,15,1,278
cuts1695,4,425,139,14000,25,1,278
cuts1696,30,963,140,14100,20,1,280
cuts1697,30,806,140,14100,19,1,280
cuts1698,1,886,140,14100,29,1,280
cuts1699,3,137,140,14100,30,1,280
cuts1700,7,1202,140,14100,18,1,280
cuts1701,31,103,141,14200,22,1,282
cuts1702,30,759,141,14200,22,1,282
cuts1703,22,1529,141,14200,23,1,282
cuts1704,23,447,141,14200,17,1,282
cuts1705,5,1924,141,14200,21,1,282
cuts1706,30,1568,142,14300,30,1,284
cuts1707,29,804,142,14300,20,1,284
cuts1708,8,815,142,14300,16,1,284
cuts1709,25,107,142,14300,23,1,284
cuts1710,24,1020,142,14300,17,1,284
cuts1711,4,923,143,14400,26,1,286
cuts1712,22,1316,143,14400,17,1,286
cuts1713,14,1887,143,14400,22,1,286
cuts1714,6,685,143,14400,15,1,286
cuts1715,16,1465,143,14400,16,1,286
cuts1716,12,1987,144,14500,16,1,288
cuts1717,23,262,144,14500,27,1,288
cuts1718,13,1220,144,14500,21,1,288
cuts1719,6,1543,144,14500,28,1,288
cuts1720,22,1304,144,14500,19,1,288
cuts1721,5,481,145,14600,24,1,290
cuts1722,10,1684,145,14600,21,1,290
cuts1723,12,876,145,14600,27,1,290
cuts1724,30,845,145,14600,22,1,290
cuts1725,10,751,145,14600,15,1,290
cuts1726,32,1273,146,14700,25,1,292
cuts1727,30,710,146,14700,16,1,292
cuts1728,19,1448,146,14700,23,1,292
cuts1729,30,1466,146,14700,18,1,292
cuts1730,27,737,146,14700,15,1,292
cuts1731,26,708,147,14800,15,1,294
cuts1732,28,231,147,14800,15,1,294
cuts1733,15,796,147,14800,18,1,294
cuts1734,23,1089,147,14800,19,1,294
cuts1735,33,1068,147,14800,24,1,294
cuts1736,1,650,148,14900,23,1,296
cuts1737,34,1304,148,14900,18,1,296
cuts1738,2,512,148,14900,19,1,296
cuts1739,6,1088,148,14900,29,1,296
cuts1740,12,1439,148,14900,18,1,296
cuts1741,25,1016,149,15000,17,1,298
cuts1742,16,682,149,15000,20,1,298
cuts1743,25,892,149,15000,22,1,298
cuts1744,18,1387,149,15000,27,1,298
cuts1745,12,484,149,15000,19,1,298
cuts1746,15,651,150,15100,24,1,300
cuts1747,15,549,150,15100,24,1,300
cuts1748,6,466,150,15100,22,1,300
cuts1749,18,1862,150,15100,23,1,300
cuts1750,9,1243,150,15100,19,1,300
cuts1751,28,876,151,15200,30,1,302
cuts1752,7,163,151,15200,16,1,302
cuts1753,26,559,151,15200,25,1,302
cuts1754,5,489,151,15200,19,1,302
cuts1755,30,1364,151,15200,21,1,302
cuts1756,17,1483,152,15300,19,1,304
cuts1757,22,1938,152,15300,28,1,304
cuts1758,34,1306,152,15300,16,1,304
cuts1759,4,169,152,15300,18,1,304
cuts1760,18,768,152,15300,29,1,304
cuts1761,7,264,153,15400,30,1,306
cuts1762,26,1640,153,15400,22,1,306
cuts1763,14,1257,153,15400,26,1,306
cuts1764,35,490,153,15400,23,1,306
cuts1765,22,1770,153,15400,22,1,306
cuts1766,10,507,154,15500,21,1,308
cuts1767,27,1984,154,15500,17,1,308
cuts1768,15,701,154,15500,25,1,308
cuts1769,7,1027,154,15500,23,1,308
cuts1770,3,1059,154,15500,18,1,308
cuts1771,34,1318,155,15600,22,1,310
cuts1772,35,217,155,15600,25,1,310
cuts1773,7,327,155,15600,19,1,310
cuts1774,12,1162,155,15600,15,1,310
cuts1775,7,1032,155,15600,25,1,310
cuts1776,6,1417,156,15700,26,1,312
cuts1777,11,1975,156,15700,16,1,312
cuts1778,21,1366,156,15700,25,1,312
cuts1779,6,1323,156,15700,29,1,312
cuts1780,30,1528,156,15700,23,1,312
cuts1781,17,1327,157,15800,15,1,314
cuts1782,31,813,157,15800,25,1,314
cuts1783,17,513,157,15800,27,1,314
cuts1784,3,817,157,15800,25,1,314
cuts1785,7,1238,157,15800,17,1,314
cuts1786,30,596,158,15900,22,1,316
cuts1787,7,2000,158,15900,18,1,316
cuts1788,30,340,158,15900,16,1,316
cuts1789,34,408,158,15900,30,1,316
cuts1790,15,1337,158,15900,20,1,316
cuts1791,31,480,159,16000,15,1,318
cuts1792,31,626,159,16000,22,1,318
cuts1793,26,525,159,16000,28,1,318
cuts1794,34,1532,159,16000,26,1,318
cuts1795,22,1790,159,16000,19,1,318
cuts1796,17,664,160,16100,20,1,320
cuts1797,1,888,160,16100,28,1,320
cuts1798,9,151,160,16100,24,1,320
cuts1799,8,1056,160,16100,21,1,320
cuts1800,3,513,160,16100,15,1,320
cuts1801,11,878,161,16200,19,1,322
cuts1802,7,1900,161,16200,29,1,322
cuts1803,10,248,161,16200,15,1,322
cuts1804,24,1903,161,16200,23,1,322
cuts1805,19,1562,161,16200,27,1,322
cuts1806,21,948,162,16300,20,1,324
cuts1807,31,1081,162,16300,15,1,324
cuts1808,6,1284,162,16300,27,1,324
cuts1809,24,491,162,16300,21,1,324
cuts1810,33,1075,162,16300,18,1,324
cuts1811,15,577,163,16400,23,1,326
cuts1812,27,746,163,16400,15,1,326
cuts1813,6,1650,163,16400,25,1,326
cuts1814,4,1629,163,16400,24,1,326
cuts1815,20,1288,163,16400,22,1,326
cuts1816,17,327,164,16500,18,1,328
cuts1817,16,581,164,16500,22,1,328
cuts1818,9,1907,164,16500,24,1,328
cuts1819,23,1904,164,16500,19,1,328
cuts1820,30,1847,164,16500,16,1,328
cuts1821,22,1567,165,16600,19,1,330
cuts1822,6,724,165,16600,27,1,330
cuts1823,6,1999,165,16600,19,1,330
cuts1824,35,1171,165,16600,22,1,330
cuts1825,10,1869,165,16600,25,1,330
cuts1826,22,409,166,16700,29,1,332
cuts1827,34,168,166,16700,24,1,332
cuts1828,29,1467,166,16700,29,1,332
cuts1829,11,1493,166,16700,23,1,332
cuts1830,19,517,166,16700,25,1,332
cuts1831,33,1054,167,16800,27,1,334
cuts1832,9,646,167,16800,17,1,334
cuts1833,35,1653,167,16800,22,1,334
cuts1834,9,1404,167,16800,26,1,334
cuts1835,15,1060,167,16800,22,1,334
cuts1836,34,715,168,16900,23,1,336
cuts1837,16,1600,168,16900,25,1,336
cuts1838,7,416,168,16900,27,1,336
cuts1839,18,1514,168,16900,18,1,336
cuts1840,33,1262,168,16900,23,1,336
cuts1841,25,874,169,17000,18,1,338
cuts1842,13,1131,169,17000,20,1,338
cuts1843,17,620,169,17000,30,1,338
cuts1844,29,1950,169,17000,22,1,338
cuts1845,17,914,169,17000,16,1,338
cuts1846,3,982,170,17100,30,1,340
cuts1847,19,980,170,17100,16,1,340
cuts1848,28,628,170,17100,15,1,340
cuts1849,30,221,170,17100,26,1,340
cuts1850,17,896,170,17100,16,1,340
cuts1851,13,1623,171,17200,26,1,342
cuts1852,2,515,171,17200,29,1,342
cuts1853,27,1045,171,17200,15,1,342
cuts1854,3,1980,171,17200,27,1,342
cuts1855,16,446,171,17200,18,1,342
cuts1856,31,1318,172,17300,18,1,344
cuts1857,33,949,172,17300,22,1,344
cuts1858,19,1037,172,17300,27,1,344
cuts1859,34,870,172,17300,20,1,344
cuts1860,17,833,172,17300,22,1,344
cuts1861,2,1000,173,17400,27,1,346
cuts1862,11,864,173,17400,21,1,346
cuts1863,13,954,173,17400,19,1,346
cuts1864,16,1324,173,17400,22,1,346
cuts1865,26,1336,173,17400,18,1,346
cuts1866,24,477,174,17500,22,1,348
cuts1867,19,343,174,17500,30,1,348
cuts1868,31,1140,174,17500,15,1,348
cuts1869,9,1467,174,17500,25,1,348
cuts1870,34,382,174,17500,19,1,348
cuts1871,24,1283,175,17600,30,1,350
cuts1872,20,1714,175,17600,18,1,350
cuts1873,27,1522,175,17600,29,1,350
cuts1874,35,609,175,17600,18,1,350
cuts1875,20,549,175,17600,28,1,350
cuts1876,15,777,176,17700,26,1,352
cuts1877,28,311,176,17700,24,1,352
cuts1878,10,1750,176,17700,22,1,352
cuts1879,28,1734,176,17700,26,1,352
cuts1880,6,1504,176,17700,16,1,352
cuts1881,15,1579,177,17800,29,1,354
cuts1882,14,956,177,17800,21,1,354
cuts1883,33,1593,177,17800,18,1,354
cuts1884,7,1552,177,17800,24,1,354
cuts1885,3,1168,177,17800,24,1,354
cuts1886,26,1558,178,17900,25,1,356
cuts1887,20,1838,178,17900,18,1,356
cuts1888,6,206,178,17900,19,1,356
cuts1889,20,1896,178,17900,20,1,356
cuts1890,28,1246,178,17900,30,1,356
cuts1891,25,768,179,18000,20,1,358
cuts1892,4,1346,179,18000,15,1,358
cuts1893,1,1422,179,18000,17,1,358
cuts1894,34,939,179,18000,19,1,358
cuts1895,11,1266,179,18000,25,1,358
cuts1896,8,1664,180,18100,17,1,360
cuts1897,17,1008,180,18100,17,1,360
cuts1898,14,181,180,18100,17,1,360
cuts1899,15,176,180,18100,23,1,360
cuts1900,7,1394,180,18100,28,1,360
cuts1901,5,545,181,18200,19,1,362
cuts1902,14,678,181,18200,29,1,362
cuts1903,20,219,181,18200,15,1,362
cuts1904,27,702,181,18200,25,1,362
cuts1905,12,1610,181,18200,15,1,362
cuts1906,15,765,182,18300,16,1,364
cuts1907,23,497,182,18300,30,1,364
cuts1908,32,1032,182,18300,19,1,364
cuts1909,18,1093,182,18300,15,1,364
cuts1910,19,697,182,18300,16,1,364
cuts1911,5,780,183,18400,24,1,366
cuts1912,5,980,183,18400,19,1,366
cuts1913,31,1268,183,18400,22,1,366
cuts1914,14,1594,183,18400,23,1,366
cuts1915,11,1387,183,18400,16,1,366
cuts1916,5,986,184,18500,24,1,368
cuts1917,23,1191,184,18500,23,1,368
cuts1918,29,359,184,18500,21,1,368
cuts1919,17,1827,184,18500,23,1,368
cuts1920,23,1294,184,18500,27,1,368
cuts1921,28,1612,185,18600,28,1,370
cuts1922,22,811,185,18600,21,1,370
cuts1923,24,1296,185,18600,18,1,370
cuts1924,31,217,185,18600,20,1,370
cuts1925,18,1925,185,18600,26,1,370
cuts1926,1,1824,186,18700,19,1,372
cuts1927,9,377,186,18700,26,1,372
cuts1928,16,289,186,18700,26,1,372
cuts1929,16,1460,186,18700,20,1,372
cuts1930,3,1495,186,18700,26,1,372
cuts1931,31,1813,187,18800,22,1,374
cuts1932,20,514,187,18800,29,1,374
cuts1933,23,1134,187,18800,28,1,374
cuts1934,20,1615,187,18800,28,1,374
cuts1935,2,270,187,18800,16,1,374
cuts1936,7,1193,188,18900,30,1,376
cuts1937,25,889,188,18900,27,1,376
cuts1938,4,905,188,18900,19,1,376
cuts1939,1,1281,188,18900,25,1,376
cuts1940,18,1821,188,18900,21,1,376
cuts1941,19,476,189,19000,27,1,378
cuts1942,2,686,189,19000,22,1,378
cuts1943,10,133,189,19000,24,1,378
cuts1944,29,880,189,19000,17,1,378
cuts1945,14,1747,189,19000,25,1,378
cuts1946,9,893,190,19100,25,1,380
cuts1947,25,453,190,19100,26,1,380
cuts1948,28,1629,190,19100,24,1,380
cuts1949,15,1013,190,19100,21,1,380
cuts1950,14,1642,190,19100,21,1,380
cuts1951,26,259,191,19200,21,1,382
cuts1952,11,1487,191,19200,21,1,382
cuts1953,16,1982,191,19200,16,1,382
cuts1954,26,1957,191,19200,25,1,382
cuts1955,6,505,191,19200,25,1,382
cuts1956,9,327,192,19300,26,1,384
cuts1957,17,959,192,19300,18,1,384
cuts1958,30,339,192,19300,18,1,384
cuts1959,1,942,192,19300,19,1,384
cuts1960,34,1887,192,19300,25,1,384
cuts1961,19,613,193,19400,18,1,386
cuts1962,32,1688,193,19400,20,1,386
cuts1963,17,1459,193,19400,18,1,386
cuts1964,10,1118,193,19400,25,1,386
cuts1965,25,1753,193,19400,23,1,386
cuts1966,29,1249,194,19500,22,1,388
cuts1967,22,978,194,19500,30,1,388
cuts1968,11,1540,194,19500,19,1,388
cuts1969,14,209,194,19500,15,1,388
cuts1970,32,1169,194,19500,17,1,388
cuts1971,22,1706,195,19600,20,1,390
cuts1972,17,455,195,19600,28,1,390
cuts1973,7,343,195,19600,26,1,390
cuts1974,30,1149,195,19600,17,1,390
cuts1975,4,117,195,19600,26,1,390
cuts1976,6,895,196,19700,26,1,392
cuts1977,26,1111,196,19700,22,1,392
cuts1978,33,1719,196,19700,29,1,392
cuts1979,27,479,196,19700,29,1,392
cuts1980,25,673,196,19700,18,1,392
cuts1981,24,284,197,19800,19,1,394
cuts1982,27,157,197,19800,17,1,394
cuts1983,14,352,197,19800,15,1,394
cuts1984,34,1613,197,19800,25,1,394
cuts1985,26,260,197,19800,26,1,394
cuts1986,29,1389,198,19900,19,1,396
cuts1987,12,871,198,19900,19,1,396
cuts1988,33,181,198,19900,16,1,396
cuts1989,9,493,198,19900,16,1,396
cuts1990,17,1460,198,19900,21,1,396
cuts1991,17,1503,199,20000,15,1,398
cuts1992,21,1758,199,20000,30,1,398
cuts1993,14,1757,199,20000,16,1,398
cuts1994,8,334,199,20000,28,1,398
cuts1995,34,916,199,20000,27,1,398
cuts1996,16,1982,200,20100,28,1,400
cuts1997,9,322,200,20100,22,1,400
cuts1998,15,218,200,20100,27,1,400